setting,step,within_lower,adjacent,within_upper
"(0.7, 0.9)",Minimal->Mild,0.14957990326099369,0.13793382872366403,0.1428587468720029
"(0.7, 0.9)",Mild->Moderate,0.1428587468720029,0.14558573818171064,0.1559535879994972
"(0.7, 0.9)",Moderate->Mod. Severe,0.1559535879994972,0.15716429944891727,0.16051571199111533
"(0.7, 0.9)",Mod. Severe->Severe,0.16051571199111533,0.16589665923420027,0.1712854353825217
"(1.0, 1.0)",Minimal->Mild,0.15333874249466176,0.147180588959427,0.14655234267109868
"(1.0, 1.0)",Mild->Moderate,0.14655234267109868,0.148121763945713,0.15111875888994067
"(1.0, 1.0)",Moderate->Mod. Severe,0.15111875888994067,0.15494875096293462,0.16351221496456378
"(1.0, 1.0)",Mod. Severe->Severe,0.16351221496456378,0.16430405183710536,0.16564252209941482
"(0.4, 0.8)",Minimal->Mild,0.13803569734061735,0.13610096776600045,0.14341025640772498
"(0.4, 0.8)",Mild->Moderate,0.14341025640772498,0.14408023298834777,0.14840804652184755
"(0.4, 0.8)",Moderate->Mod. Severe,0.14840804652184755,0.15719053723724705,0.16566028072254207
"(0.4, 0.8)",Mod. Severe->Severe,0.16566028072254207,0.16567253833884277,0.16436062453266104
"(1.0, 0.9)",Minimal->Mild,0.1540469909705383,0.14535100734915699,0.14256308619889987
"(1.0, 0.9)",Mild->Moderate,0.14256308619889987,0.14670254606085364,0.1550560445024774
"(1.0, 0.9)",Moderate->Mod. Severe,0.1550560445024774,0.15966510494784847,0.17637779032075818
"(1.0, 0.9)",Mod. Severe->Severe,0.17637779032075818,0.16974690596032102,0.16541483902757065
"(0.4, 0.9)",Minimal->Mild,0.13978134452034907,0.1443973946349607,0.15876553017952294
"(0.4, 0.9)",Mild->Moderate,0.15876553017952294,0.1505094692889401,0.15162348080025373
"(0.4, 0.9)",Moderate->Mod. Severe,0.15162348080025373,0.15480535548130683,0.16354270182300826
"(0.4, 0.9)",Mod. Severe->Severe,0.16354270182300826,0.163385807501619,0.1670511148276695
"(0.7, 1.0)",Minimal->Mild,0.1428154466119947,0.1423200574797176,0.14105298510590733
"(0.7, 1.0)",Mild->Moderate,0.14105298510590733,0.14901074888557528,0.16049750205775618
"(0.7, 1.0)",Moderate->Mod. Severe,0.16049750205775618,0.16294649725349947,0.17251730652725064
"(0.7, 1.0)",Mod. Severe->Severe,0.17251730652725064,0.16449560928472123,0.16282534305578247
"(0.7, 0.8)",Minimal->Mild,0.13530674283823177,0.13678003578925108,0.13567458167299631
"(0.7, 0.8)",Mild->Moderate,0.13567458167299631,0.1428467311609627,0.14989821615266108
"(0.7, 0.8)",Moderate->Mod. Severe,0.14989821615266108,0.15912156678031353,0.16468731609858014
"(0.7, 0.8)",Mod. Severe->Severe,0.16468731609858014,0.1687331044091421,0.16807673940920395
