agent_id,true_phq9,raw_pred,band,n_posts
0,14,9.103324890136719,Moderate,10
1,16,11.964065551757812,Mod. Severe,10
2,27,19.142778396606445,Severe,10
3,4,1.7476599216461182,Minimal,10
4,1,2.153996467590332,Minimal,10
5,12,10.052140235900879,Moderate,10
6,22,22.646860122680664,Severe,10
7,15,14.496469497680664,Mod. Severe,10
8,24,20.536100387573242,Severe,10
9,18,24.668649673461914,Mod. Severe,10
10,27,23.1951847076416,Severe,10
11,11,8.60776424407959,Moderate,10
12,9,5.006746292114258,Mild,10
13,2,6.948209762573242,Minimal,10
14,20,19.930870056152344,Severe,10
15,26,17.245800018310547,Severe,10
16,17,15.173269271850586,Mod. Severe,10
17,4,3.1066720485687256,Minimal,10
18,11,12.8884859085083,Moderate,10
19,6,2.9547183513641357,Mild,10
20,15,10.048871994018555,Mod. Severe,10
21,0,2.382392406463623,Minimal,10
22,26,22.781465530395508,Severe,10
23,2,1.6085857152938843,Minimal,10
24,22,21.861804962158203,Severe,10
25,11,9.844292640686035,Moderate,10
26,25,16.46495246887207,Severe,10
27,26,21.0457706451416,Severe,10
28,21,18.89645767211914,Severe,10
29,7,11.728775024414062,Mild,10
30,13,14.730895042419434,Moderate,10
31,1,13.19421100616455,Minimal,10
32,25,17.816709518432617,Severe,10
33,14,11.007766723632812,Moderate,10
34,22,22.27242088317871,Severe,10
35,25,25.004858016967773,Severe,10
36,7,6.641677379608154,Mild,10
37,4,2.3213419914245605,Minimal,10
38,17,16.580081939697266,Mod. Severe,10
39,10,6.348445415496826,Moderate,10
40,23,19.0136775970459,Severe,10
41,11,14.436960220336914,Moderate,10
42,14,12.329030990600586,Moderate,10
43,8,3.9298768043518066,Mild,10
44,27,21.5506591796875,Severe,10
45,25,21.281274795532227,Severe,10
46,22,19.632265090942383,Severe,10
47,27,27.780492782592773,Severe,10
48,24,21.23441505432129,Severe,10
49,27,23.4450626373291,Severe,10
50,18,18.104013442993164,Mod. Severe,10
51,10,7.845324993133545,Moderate,10
52,16,14.926081657409668,Mod. Severe,10
53,14,10.39660930633545,Moderate,10
54,5,5.066871643066406,Mild,10
55,2,3.8007307052612305,Minimal,10
56,26,27.90757942199707,Severe,10
57,13,13.31750202178955,Moderate,10
58,22,20.714017868041992,Severe,10
59,27,22.294931411743164,Severe,10
