arm,source,band,bias,sd,n_seeds
teacher,synthetic,Minimal,1.126923076923077,0.11703941580540721,5
teacher,synthetic,Mild,-0.712,0.144,5
teacher,synthetic,Mod.,-0.6166666666666667,0.10274023338281627,5
teacher,synthetic,Mod. Sev,-2.6456140350877195,0.14695011643068018,5
teacher,synthetic,Sev,-5.044444444444444,0.26067806953519335,5
teacher,empirical,Minimal,4.498775510204082,0.18285349850595814,5
teacher,empirical,Mild,0.2977777777777778,0.1723691129846386,5
teacher,empirical,Mod.,-4.631847133757961,0.19266436775590606,5
teacher,empirical,Mod. Sev,-9.36086956521739,0.20106051530038035,5
teacher,empirical,Sev,-16.03,0.1959024700655351,5
qwen27_optimized,synthetic,Minimal,0.8076923076923077,0.14339501447928651,5
qwen27_optimized,synthetic,Mild,-0.984,0.19074590428106183,5
qwen27_optimized,synthetic,Mod.,0.2966666666666667,0.10923979738782627,5
qwen27_optimized,synthetic,Mod. Sev,-1.3859649122807018,0.13361005448884045,5
qwen27_optimized,synthetic,Sev,-3.2444444444444445,0.18368113494713378,5
qwen27_optimized,empirical,Minimal,2.9771428571428573,0.37733893657147893,5
qwen27_optimized,empirical,Mild,-1.3244444444444445,0.4600939249252118,5
qwen27_optimized,empirical,Mod.,-6.30828025477707,0.4710379491759414,5
qwen27_optimized,empirical,Mod. Sev,-11.049999999999999,0.4717241031467475,5
qwen27_optimized,empirical,Sev,-17.593333333333334,0.49683442357031216,5
qwen27_minimal,synthetic,Minimal,1.7923076923076924,0.38526867594280473,5
qwen27_minimal,synthetic,Mild,-0.684,0.36318590281011737,5
qwen27_minimal,synthetic,Mod.,-0.6266666666666666,0.23701851779508243,5
qwen27_minimal,synthetic,Mod. Sev,-0.775438596491228,0.23390643245612575,5
qwen27_minimal,synthetic,Sev,-3.4098765432098768,0.2888361247583163,5
qwen27_minimal,empirical,Minimal,2.769795918367347,0.7056886717651957,5
qwen27_minimal,empirical,Mild,-1.7544444444444445,0.8360946842240143,5
qwen27_minimal,empirical,Mod.,-6.578343949044585,0.7918752505480421,5
qwen27_minimal,empirical,Mod. Sev,-11.389130434782608,0.8250393815427289,5
qwen27_minimal,empirical,Sev,-17.96666666666667,0.7557924465236622,5
gemma4_optimized,synthetic,Minimal,0.5192307692307693,0.2395755615753452,5
gemma4_optimized,synthetic,Mild,-1.864,0.13230268326832983,5
gemma4_optimized,synthetic,Mod.,0.4833333333333333,0.17919573407620815,5
gemma4_optimized,synthetic,Mod. Sev,-1.4350877192982456,0.2082922397144678,5
gemma4_optimized,synthetic,Sev,-2.6370370370370373,0.1884647865408532,5
gemma4_optimized,empirical,Minimal,8.987755102040817,0.38553607804184353,5
gemma4_optimized,empirical,Mild,4.773333333333333,0.46417855227817406,5
gemma4_optimized,empirical,Mod.,-0.3885350318471338,0.4437986933444121,5
gemma4_optimized,empirical,Mod. Sev,-4.993478260869566,0.45333254568299575,5
gemma4_optimized,empirical,Sev,-11.286666666666667,0.4652836649710466,5
gemma4_minimal,synthetic,Minimal,0.9384615384615385,0.08548504142651107,5
gemma4_minimal,synthetic,Mild,-1.2799999999999998,0.13971399357258385,5
gemma4_minimal,synthetic,Mod.,-0.3,0.1269295517643985,5
gemma4_minimal,synthetic,Mod. Sev,0.09473684210526315,0.1427858943815846,5
gemma4_minimal,synthetic,Sev,-3.083950617283951,0.29229812759756635,5
gemma4_minimal,empirical,Minimal,4.279999999999999,0.27057992234706335,5
gemma4_minimal,empirical,Mild,-0.19222222222222227,0.3288325777618922,5
gemma4_minimal,empirical,Mod.,-5.043312101910828,0.28946644564979573,5
gemma4_minimal,empirical,Mod. Sev,-9.88695652173913,0.29645032928227477,5
gemma4_minimal,empirical,Sev,-16.509999999999998,0.2929922259112765,5
