severity,n_personas,pct_engaging,pct_engaging_ci,cds_rate,cds_rate_ci,noncds_rate,noncds_rate_ci,cds_pref,cds_pref_ci,generator
minimal,539,66.30797773654916,2.09452146920291,13.457020067443302,0.6566196056339278,14.026260762155816,0.6295698807238108,-0.5692406947125145,0.8312964334635885,qwen
mild,535,85.83177570093459,1.172315009079747,18.356831227928446,0.6157462672749978,18.220064486008287,0.5456514175489767,0.1367667419201537,0.8988171560807071,qwen
moderate,535,93.30841121495327,0.5940520437077553,20.900583907633482,0.6727053132163417,20.0923277309171,0.5603662450760062,0.8082561767163827,0.9869950981589485,qwen
mod.sev,535,92.74766355140187,0.6727777757371509,20.38800304019319,0.6678396496697574,19.832413381541674,0.5840296017346601,0.5555896586515179,1.0189639620979682,qwen
severe,856,87.83878504672897,0.6808019527098939,18.85952686342307,0.4897992237013729,18.52204858031449,0.42575551225235087,0.3374782831085826,0.7417130947015663,qwen
minimal,539,34.990723562152134,1.6864025095060573,6.1435087971493525,0.46673967084105283,7.766361843446336,0.4556218386019013,-1.622853046296983,0.6198574430639975,gemma4
mild,535,31.1588785046729,1.7350725990887652,5.480426832869511,0.44669775246700166,6.862481558719342,0.4568360577681409,-1.3820547258498304,0.5738778114575721,gemma4
moderate,535,32.03738317757009,2.2379974908387,6.383384937971595,0.5420597578541624,6.466966393546323,0.5361557219878751,-0.08358145557472711,0.589403034634636,gemma4
mod.sev,535,52.71028037383178,2.3735591756193366,11.165173459950937,0.6327678196032389,10.173525739700889,0.5657741034123431,0.9916477202500473,0.7124044888865045,gemma4
severe,856,71.16822429906541,1.4759675381616773,14.414065298742639,0.46760119195225963,14.172476618875224,0.42435265390592425,0.24158867986741675,0.6544105263151951,gemma4
