comparison,n_a,n_b,mean_a,mean_b,diff,d,p,test,p_holm,generator,metric
PHQ-9 <10 vs >=10,1074,1926,76.03351955307262,90.72170301142263,14.68818345835001,0.8603393378476235,1.1994650625147264e-81,depressed,1.1994650625147264e-81,qwen,pct_engaging
minimal->mild,539,535,66.30797773654916,85.83177570093459,19.523797964385423,0.971994673915919,3.2112578500308073e-50,band,1.284503140012323e-49,qwen,pct_engaging
mild->moderate,535,535,85.83177570093459,93.30841121495327,7.476635514018682,0.6817521547915893,6.411353801626438e-27,band,1.9234061404879314e-26,qwen,pct_engaging
moderate->mod.sev,535,535,93.30841121495327,92.74766355140187,-0.5607476635513962,-0.07487233775471407,0.22101180042106194,band,0.22101180042106194,qwen,pct_engaging
mod.sev->severe,535,856,92.74766355140187,87.83878504672897,-4.908878504672899,-0.5383131839258148,5.855029078318194e-23,band,1.171005815663639e-22,qwen,pct_engaging
PHQ-9 <10 vs >=10,1074,1926,-0.2175517016040624,0.5288364134282313,0.7463881150322937,0.06857096926675667,0.06722317293512481,depressed,0.06722317293512481,qwen,cds_pref
minimal->mild,539,535,-0.5692406947125145,0.1367667419201537,0.7060074366326682,0.06898682186969453,0.25862460001861615,band,1.0,qwen,cds_pref
mild->moderate,535,535,0.1367667419201537,0.8082561767163827,0.671489434796229,0.06028033554654445,0.3244022066034089,band,1.0,qwen,cds_pref
moderate->mod.sev,535,535,0.8082561767163827,0.5555896586515179,-0.25266651806486484,-0.021344189146128668,0.7270881252042768,band,1.0,qwen,cds_pref
mod.sev->severe,535,856,0.5555896586515179,0.3374782831085826,-0.2181113755429353,-0.01887081209944307,0.7345289454073729,band,1.0,qwen,cds_pref
PHQ-9 <10 vs >=10,1074,1926,33.08193668528864,55.17133956386293,22.08940287857429,0.8653029180091517,2.892323917805445e-116,depressed,2.892323917805445e-116,gemma4,pct_engaging
minimal->mild,539,535,34.990723562152134,31.1588785046729,-3.831845057479235,-0.18944037710382605,0.0019593244193181103,band,0.003918648838636221,gemma4,pct_engaging
mild->moderate,535,535,31.1588785046729,32.03738317757009,0.8785046728971935,0.037177071525942525,0.5432936794802841,band,0.5432936794802841,gemma4,pct_engaging
moderate->mod.sev,535,535,32.03738317757009,52.71028037383178,20.672897196261687,0.759408421689157,3.5607740027576086e-33,band,1.0682322008272826e-32,gemma4,pct_engaging
mod.sev->severe,535,856,52.71028037383178,71.16822429906541,18.457943925233636,0.7324795835916214,2.2266379334399897e-35,band,8.906551733759959e-35,gemma4,pct_engaging
PHQ-9 <10 vs >=10,1074,1926,-1.5029023000779638,0.3596133756842187,1.8625156757621824,0.23516614566683833,2.3272814677310428e-10,depressed,2.3272814677310428e-10,gemma4,cds_pref
minimal->mild,539,535,-1.622853046296983,-1.3820547258498304,0.24079832044715266,0.034092609015091944,0.5764698172152076,band,0.5764698172152076,gemma4,cds_pref
mild->moderate,535,535,-1.3820547258498304,-0.08358145557472711,1.2984732702751032,0.18915548462002676,0.002028049607486765,band,0.00811219842994706,gemma4,cds_pref
moderate->mod.sev,535,535,-0.08358145557472711,0.9916477202500473,1.0752291758247745,0.13935850292812366,0.022854665649391804,band,0.06856399694817542,gemma4,cds_pref
mod.sev->severe,535,856,0.9916477202500473,0.24158867986741675,-0.7500590403826306,-0.08230371431543244,0.12883061618611574,band,0.2576612323722315,gemma4,cds_pref
