phq9,n_personas,pct_engaging,pct_engaging_ci,cds_rate,cds_rate_ci,noncds_rate,noncds_rate_ci,cds_pref,cds_pref_ci,generator
0,108,57.31481481481482,4.896480922918943,11.736390220247765,1.5333679454888935,11.822882243712954,1.3705776455679928,-0.08649202346518743,1.8101096534625973,qwen
1,108,66.48148148148148,4.438579319142444,13.428661051275098,1.4549310450802657,14.760920462817488,1.5490580971054266,-1.332259411542393,1.920540841231422,qwen
2,108,63.05555555555556,5.055823940475756,13.166483044894816,1.4217655966734666,12.944517751489078,1.366993595502346,0.22196529340574023,1.6692346506049593,qwen
3,108,69.9074074074074,4.687594032405988,14.334461860418774,1.6347690106917567,14.594039019071213,1.370205416891858,-0.2595771586524397,1.972081388807653,qwen
4,107,74.85981308411215,3.5721176984813665,14.629964759379476,1.2243367963364171,16.027474086693335,1.2494220301727812,-1.39750932731386,1.9207696522068156,qwen
5,107,87.57009345794393,2.251626706134471,18.57632596820498,1.3568269228828251,18.829391722985594,1.2482630540776034,-0.25306575478061616,2.0461310861568665,qwen
6,107,86.82242990654206,2.15567055119538,19.06390919746692,1.5231026800140202,18.676983855606316,1.2505704156593542,0.3869253418606021,2.2496394448808474,qwen
7,107,84.20560747663552,3.1560227868286,17.962370894111515,1.3545227332758039,18.132628654912658,1.2715044349533136,-0.1702577608011414,1.860991883325021,qwen
8,107,86.54205607476635,2.0675240766339686,18.821900116918098,1.2160137716066957,17.424233501410196,1.0963870651454415,1.3976666155079005,1.9152349332006697,qwen
9,107,84.01869158878505,3.20735977498936,17.359649962940708,1.4165098497962274,18.037084695126683,1.23013092386208,-0.6774347321859768,1.9691250846572033,qwen
10,107,92.99065420560747,1.4541445913095665,20.438151018093784,1.3666582197622812,19.958042278530183,1.323308573273007,0.48010873956360256,2.154758996765422,qwen
11,107,93.27102803738318,1.295505385564027,20.851914310240794,1.4394745810374183,20.245266722534122,1.262741553450036,0.6066475877066662,2.2100942718303007,qwen
12,107,93.83177570093459,1.182584593547031,21.164646449918394,1.4556984216219178,20.10125612800775,1.2358337234405554,1.06339032191064,2.0530985436625824,qwen
13,107,93.17757009345794,1.2372643716528529,20.376598548351474,1.5980679397044157,20.52810898838867,1.234300849627508,-0.15151044003719655,2.274451552406921,qwen
14,107,93.27102803738318,1.4671476333101958,21.67160921156297,1.6565371510577112,19.62896453712477,1.2234754735927258,2.042644674438202,2.350659457330165,qwen
15,107,93.3644859813084,1.6032357026803543,21.67411274154429,1.4794338707491375,19.684065674685325,1.2885908105363002,1.990047066858967,2.2067853152709658,qwen
16,107,91.96261682242991,1.6955480816095776,19.778289201138815,1.4013546004588264,19.747323701211247,1.4055172369005025,0.030965499927568085,2.257908542285398,qwen
17,107,93.17757009345794,1.3168320100712292,20.28073479024711,1.4995317029744129,20.353592735411574,1.315559505011477,-0.07285794516446555,2.2472906327819397,qwen
18,107,92.71028037383178,1.4623932758485318,19.199568927427606,1.5055814525571458,20.539526219693744,1.374061534305484,-1.3399572922661342,2.4248544405237307,qwen
19,107,92.5233644859813,1.427783289385747,21.007309540608123,1.5580708489245985,18.83755857670647,1.1278472621678226,2.169750963901654,2.220652420705813,qwen
20,107,88.69158878504673,1.8234620012876865,17.541306397757328,1.2658885420072714,19.478715690821797,1.0792232903096648,-1.9374092930644735,1.9727393638564035,qwen
21,107,89.53271028037383,1.9369356048088833,19.612520340743433,1.487714249524549,18.96656524721051,1.4557428484297341,0.6459550935329305,2.4167331021165914,qwen
22,107,87.85046728971963,1.930715394967425,18.56007225721828,1.4185544055715869,18.32531312546692,1.1883132907877043,0.23475913175135946,2.1617129225900746,qwen
23,107,87.57009345794393,1.9622645895642472,18.894880284963918,1.4050172781959849,18.116533726726136,1.2317575401763499,0.7783465582377825,2.1384552184444026,qwen
24,107,87.75700934579439,1.6109175689399249,19.390830339280555,1.3089059719000036,18.03883083514756,1.0544827693369423,1.3519995041329915,1.9505601544203741,qwen
25,107,87.4766355140187,2.163439286755313,18.693672491269865,1.184114110743297,17.766380333696052,1.1805311704663635,0.9272921575738148,1.9997505710593921,qwen
26,107,87.4766355140187,1.8049669320431905,18.144878543754285,1.3671921756211756,19.42895253480947,1.0424286147704083,-1.28407399105518,1.8515115374412543,qwen
27,107,86.35514018691589,2.1207322231607844,20.0380542523969,1.589636277416576,18.05509714863747,1.3329930274498267,1.982957103759435,2.201739196193017,qwen
0,108,32.407407407407405,3.636238358720902,5.857079438088806,0.9181685318290257,6.984791135327646,1.0520314335348595,-1.1277116972388395,1.362305931075082,gemma4
1,108,38.05555555555556,3.7584102835770477,6.917309231577928,1.0988445456401137,8.41741174491199,1.1436209594922773,-1.5001025133340613,1.621716465349197,gemma4
2,108,33.333333333333336,3.8332172992506557,5.353160023721586,0.9888750300262272,7.6243732695948685,0.980561052091681,-2.271213245873282,1.2488025044946252,gemma4
3,108,35.0,3.5588918666904497,6.14574923051362,1.0043342928285608,7.766176295783162,0.887494754713599,-1.6204270652695416,1.2289749765387614,gemma4
4,107,36.16822429906542,4.029120969904502,6.447056690486833,1.185482667301021,8.04160532234455,1.0118420454205508,-1.5945486318577156,1.4492263053285095,gemma4
5,107,35.23364485981308,4.035009033074183,5.543521588428955,1.0423582063203611,8.218592290272804,1.0936958738130929,-2.67507070184385,1.428547991030954,gemma4
6,107,32.242990654205606,4.009431643084926,6.450896694990397,1.114531528268594,6.677564917498582,0.9936571193927579,-0.22666822250818522,1.267340856029943,gemma4
7,107,29.065420560747665,3.7040243661801537,5.418326685582985,0.9383762893782114,6.155167029841893,0.9551958973080944,-0.7368403442589095,1.1638370639504965,gemma4
8,107,28.97196261682243,3.4815560085636785,4.977851853091277,0.8882831914368876,6.435508038336593,0.9481247828975545,-1.4576561852453158,1.2101770534015739,gemma4
9,107,30.2803738317757,4.077695517045545,5.011537342253942,0.9880759240119797,6.825575517646833,1.0813488471079387,-1.8140381753928914,1.3032866659731654,gemma4
10,107,30.0,5.053554140562445,5.633099317308635,1.1644957206569821,6.348126785984001,1.2056679533221788,-0.7150274686753663,1.2340232213677778,gemma4
11,107,29.1588785046729,4.80002265991352,5.998845472881351,1.2246650425735708,5.734969835953562,1.1196862652094322,0.2638756369277892,1.3110973276984328,gemma4
12,107,35.42056074766355,4.8222612500734146,7.0670265960213605,1.1819795380643865,7.008891692467969,1.261791776468275,0.05813490355339103,1.5043314308970528,gemma4
13,107,33.55140186915888,5.258847623107513,6.749683063085252,1.2363152779815632,6.771412518401271,1.2359002142834923,-0.021729455316017932,1.2392892864755687,gemma4
14,107,32.05607476635514,5.071874033900344,6.468270240561378,1.2537666359285664,6.471431134924809,1.1747245564659432,-0.0031608943634320774,1.2999529855994103,gemma4
15,107,47.850467289719624,5.308692227083581,10.019560543772402,1.3350267213659144,9.41416048155557,1.2468448562029444,0.6054000622168305,1.4450356273731741,gemma4
16,107,45.88785046728972,5.2762148087608605,9.72683649275209,1.4483278573189575,8.773642832435002,1.233198646251159,0.9531936603170894,1.581456728361602,gemma4
17,107,57.00934579439252,4.932912945381717,12.087794902896444,1.2498890107072322,11.076139074209218,1.288486295961474,1.011655828687229,1.567883937202325,gemma4
18,107,61.401869158878505,5.069938883088031,12.694919152646056,1.390302733504383,12.037821882485632,1.2695483537197185,0.6570972701604272,1.6822331500683187,gemma4
19,107,51.401869158878505,5.462278806973414,11.296756207687686,1.5720946851349893,9.565864427819024,1.2061361917369975,1.7308917798686612,1.6962087621944144,gemma4
20,107,71.40186915887851,3.9766913339393475,13.936517808462106,1.2019438948629313,14.436721974149904,1.1012588431660382,-0.5002041656877996,1.6768810039227133,gemma4
21,107,68.03738317757009,4.473632919301937,13.774096823382976,1.3500025806154416,13.582412742192876,1.1881313386092265,0.1916840811901036,1.7317737524395473,gemma4
22,107,70.8411214953271,3.870274147827774,14.375490617308605,1.319275538047336,13.968016701996733,1.1458362261433364,0.4074739153118705,1.8741033771017426,gemma4
23,107,65.70093457943925,5.296454355176088,12.942513652714615,1.449766452515506,13.360077915646086,1.4816602547665998,-0.41756426293147153,1.9722421083461268,gemma4
24,107,74.95327102803738,3.4467409444120265,15.593571499425655,1.298496090425133,14.714174073663594,1.114230248646737,0.8793974257620638,1.9291736665912627,gemma4
25,107,73.45794392523365,3.808355001299808,15.620448212398511,1.2770283538985356,14.164340469198661,1.156413215357546,1.456107743199851,1.8267837493268553,gemma4
26,107,72.33644859813084,3.6212279308112114,13.96512976687079,1.2498897428064155,14.931701567001749,1.1555803822562123,-0.9665718001309577,1.910959669444626,gemma4
27,107,72.61682242990655,4.465275614695326,15.104754009377851,1.375196419114815,14.222367507152176,1.225109405871627,0.8823865022256745,1.8809836432689029,gemma4
