phq9,n_personas,words_per_sentence,words_per_sentence_ci,n_sentences,n_sentences_ci,n_words,n_words_ci,generator
0,108,12.659614197530864,0.39331112551016,2.9287037037037034,0.07238431092710797,35.67129629629629,0.5910397366472192,qwen_minimal
1,108,12.374537037037035,0.3180188471476739,2.9444444444444438,0.07248905735365642,35.120370370370374,0.46736893008175445,qwen_minimal
2,108,12.139598765432096,0.4005730194134063,2.999074074074074,0.0793699032488737,34.99444444444445,0.4474708460568615,qwen_minimal
3,108,12.512376543209875,0.3026840188601472,2.9175925925925923,0.06975446662871021,35.20648148148148,0.5478830623344264,qwen_minimal
4,107,12.898146417445485,0.3369371621352944,2.9028037383177567,0.0698118189684473,36.14205607476635,0.5166043157621084,qwen_minimal
5,107,13.407866043613707,0.3195469554645659,2.786915887850468,0.06338469322814655,36.21121495327103,0.537548899077931,qwen_minimal
6,107,13.300124610591899,0.2957781390483361,2.7785046728971965,0.05749745662129633,35.808411214953274,0.5060862534742957,qwen_minimal
7,107,13.450763239875391,0.2917561727981437,2.7616822429906542,0.05788592770958592,35.9570093457944,0.46663462937254296,qwen_minimal
8,107,13.55582554517134,0.32949933822186944,2.8009345794392524,0.06540505547166987,36.65981308411215,0.5041600466095331,qwen_minimal
9,107,13.82518691588785,0.3514782051702654,2.7607476635514017,0.07555747469440091,36.774766355140194,0.5303348646318135,qwen_minimal
10,107,13.970872274143298,0.2920660483682712,2.7803738317757007,0.05609068016118746,37.833644859813084,0.5273557553710181,qwen_minimal
11,107,14.39828660436137,0.27691755726822814,2.718691588785047,0.048141803984374405,38.12429906542056,0.529380785744228,qwen_minimal
12,107,14.362383177570091,0.27765187284437987,2.7299065420560753,0.055469846172456753,38.07943925233645,0.5605734542767234,qwen_minimal
13,107,14.04196261682243,0.2954788661947424,2.8028037383177566,0.05560663727104124,38.348598130841125,0.5365652899390605,qwen_minimal
14,107,14.324844236760125,0.2626109754090411,2.7803738317757007,0.05043082651213847,38.885981308411225,0.5428603102155279,qwen_minimal
15,107,14.275264797507791,0.26357607443666337,2.7672897196261683,0.051909323920761696,38.57943925233645,0.4914355873937462,qwen_minimal
16,107,14.370638629283489,0.3215207332550993,2.7644859813084115,0.05081974770360752,38.8,0.589219918323823,qwen_minimal
17,107,14.296323987538944,0.28184919095345007,2.7925233644859815,0.0468272036806611,38.97476635514018,0.4557727901416828,qwen_minimal
18,107,14.359423676012462,0.2649097765594002,2.797196261682242,0.04600680064008986,39.32336448598131,0.47922141119569106,qwen_minimal
19,107,14.228504672897198,0.24751338749906382,2.817757009345795,0.03928398888380002,39.32897196261682,0.5341589101759967,qwen_minimal
20,107,14.256230529595017,0.2987271333863946,2.853271028037383,0.04271286884236853,39.92803738317756,0.4691803628721155,qwen_minimal
21,107,13.927881619937692,0.256913274298205,2.901869158878505,0.04507890365698127,39.75794392523364,0.4845873626377808,qwen_minimal
22,107,14.052258566978194,0.23914236817101348,2.89626168224299,0.03432476285477168,39.953271028037385,0.46113811636180363,qwen_minimal
23,107,14.092694704049844,0.2780277134177924,2.84392523364486,0.042383287590234124,39.24112149532711,0.47367909440397327,qwen_minimal
24,107,13.75582554517134,0.3121299077517713,2.877570093457943,0.04403959345621491,38.75046728971963,0.5758255691381433,qwen_minimal
25,107,14.089485981308412,0.3269552265242341,2.866355140186916,0.046627360092362166,39.478504672897195,0.48094602981828855,qwen_minimal
26,107,13.689408099688473,0.32681905805131156,2.883177570093457,0.05143147400930551,38.60280373831776,0.5295958274946148,qwen_minimal
27,107,13.821806853582554,0.28103412427532465,2.9046728971962623,0.041184028053739635,39.43271028037383,0.47399234446085176,qwen_minimal
0,108,10.971111111111108,0.3022813112043467,3.2268518518518516,0.0830584152561228,34.220370370370375,0.4694129663794352,gemma4_minimal
1,108,10.79126543209877,0.287999617782555,3.240740740740741,0.07410833613993804,33.75833333333333,0.4335956618698864,gemma4_minimal
2,108,10.975910493827158,0.3672585607077702,3.2333333333333325,0.095265056263898,33.84166666666666,0.3997019627817393,gemma4_minimal
3,108,11.412067901234566,0.359312537324119,3.1203703703703702,0.0835434026227696,34.01388888888889,0.44564418689986474,gemma4_minimal
4,107,11.31803738317757,0.4148499020675919,3.1682242990654204,0.09712681593255103,33.933644859813086,0.493918803537644,gemma4_minimal
5,107,12.017819314641743,0.3424081819543482,3.0056074766355136,0.0794928217524181,34.36728971962617,0.39491632682006195,gemma4_minimal
6,107,12.122133956386296,0.37206516536045253,2.9878504672897197,0.08536383295353676,34.391588785046736,0.40393332460822995,gemma4_minimal
7,107,12.130934579439252,0.35370632639726357,3.001869158878505,0.08000881844352871,34.421495327102804,0.4387947466350343,gemma4_minimal
8,107,12.252414330218068,0.3111402853386041,2.987850467289719,0.06735498294770724,34.91588785046729,0.40919040376885524,gemma4_minimal
9,107,12.285342679127725,0.33514189548677026,3.0065420560747667,0.07171742071967199,35.23271028037383,0.4601120391580979,gemma4_minimal
10,107,12.5493769470405,0.2619891506351523,3.021495327102804,0.05551947188863091,36.38598130841122,0.39763156009262557,gemma4_minimal
11,107,12.237118380062308,0.29674044548651357,3.1056074766355137,0.06458881172289471,36.45514018691589,0.4787593352546208,gemma4_minimal
12,107,12.091806853582552,0.2837398830930093,3.1345794392523367,0.07094972192694915,36.20560747663551,0.3983411913485397,gemma4_minimal
13,107,12.128971962616824,0.25458378858717196,3.125233644859813,0.06059870324969562,36.54766355140187,0.3828496378264049,gemma4_minimal
14,107,11.932258566978192,0.25165760264516096,3.1999999999999997,0.05940802427800274,36.67757009345794,0.3778714890919934,gemma4_minimal
15,107,11.926246105919004,0.27449889509555697,3.1672897196261682,0.058937263339019476,36.24112149532711,0.40115524870957264,gemma4_minimal
16,107,11.668317757009346,0.22369676162363364,3.2056074766355134,0.05458452666376138,36.22149532710281,0.3570750089222791,gemma4_minimal
17,107,11.80619937694704,0.2614172287105631,3.1831775700934584,0.0628158132164567,36.34299065420561,0.3770351975289701,gemma4_minimal
18,107,11.496355140186916,0.23382851843633273,3.239252336448598,0.05962183960509746,35.970093457943925,0.40810515897285704,gemma4_minimal
19,107,11.824221183800624,0.2785367161733878,3.186915887850467,0.06268616956521329,36.1803738317757,0.3863379704197765,gemma4_minimal
20,107,11.131993769470405,0.2283635910013955,3.2831775700934576,0.07450698884936727,35.245794392523365,0.41119798461326695,gemma4_minimal
21,107,11.119906542056073,0.213354676651383,3.2429906542056073,0.05140684915200513,35.08504672897196,0.4548258580741061,gemma4_minimal
22,107,11.156651090342677,0.22651716958144832,3.2785046728971965,0.05696481802570637,35.390654205607476,0.46620923793421554,gemma4_minimal
23,107,11.111682242990655,0.19822810937870503,3.2588785046728965,0.05496306266730316,35.088785046728965,0.3951354113414105,gemma4_minimal
24,107,10.905685358255454,0.20279266863998371,3.269158878504673,0.0554207471934056,34.60186915887851,0.4708463649729114,gemma4_minimal
25,107,10.804735202492212,0.21168523269552136,3.2981308411214956,0.06380529635300924,34.65327102803738,0.4592539484860337,gemma4_minimal
26,107,10.660747663551403,0.22501288521088733,3.308411214953272,0.06666814644222238,34.199999999999996,0.47709933525518,gemma4_minimal
27,107,10.863208722741431,0.22357836834983905,3.265420560747664,0.05947086569710155,34.39532710280373,0.5506468327607736,gemma4_minimal
