severity,n_personas,words_per_sentence,words_per_sentence_ci,n_sentences,n_sentences_ci,n_words,n_words_ci,generator
minimal,539,12.516147186147185,0.15858325596913608,2.9385899814471244,0.032582768356250895,35.42560296846011,0.2329971040510482,qwen_minimal
mild,535,13.507953271028038,0.14265495709502715,2.777757009345794,0.028669431653946285,36.282242990654204,0.22929920909849152,qwen_minimal
moderate,535,14.219669781931465,0.12617890556398784,2.762429906542056,0.023881822937285507,38.25439252336448,0.2422424692635856,qwen_minimal
mod.sev,535,14.306031152647975,0.12350852901856726,2.7878504672897195,0.0210878546532505,39.00130841121496,0.2295256863769247,qwen_minimal
severe,856,13.96069898753894,0.10336751624680586,2.8783878504672895,0.015455760718969704,39.393107476635514,0.17716280068500767,qwen_minimal
minimal,539,11.0932622139765,0.15680104647647405,3.197959183673469,0.03896185776187839,33.95361781076067,0.20068877801630586,gemma4_minimal
mild,535,12.161728971962617,0.15325461843622837,2.997943925233645,0.03433823639990781,34.66579439252336,0.19036762699282367,gemma4_minimal
moderate,535,12.187906542056076,0.12168882832038007,3.1173831775700935,0.028240112542083893,36.45439252336448,0.18260335447484807,gemma4_minimal
mod.sev,535,11.744267912772585,0.11445921581014894,3.1964485981308415,0.026727040989719737,36.191214953271036,0.17245447948221798,gemma4_minimal
severe,856,10.969326323987538,0.07710201067441366,3.275584112149532,0.021452883726819975,34.83259345794392,0.16513080515707543,gemma4_minimal
