agent_id,true_phq9,raw_pred,band,n_posts,setting,rep
0,14,10.73167896270752,Moderate,10,11,1
1,16,12.825298309326172,Mod. Severe,10,11,1
2,27,22.514184951782227,Severe,10,11,1
3,4,8.002058029174805,Minimal,10,11,1
4,1,4.15775203704834,Minimal,10,11,1
5,12,6.306588172912598,Moderate,10,11,1
6,22,24.91658592224121,Severe,10,11,1
7,15,12.621670722961426,Mod. Severe,10,11,1
8,24,15.987319946289062,Severe,10,11,1
9,18,18.37286376953125,Mod. Severe,10,11,1
10,27,20.70176887512207,Severe,10,11,1
11,11,10.339401245117188,Moderate,10,11,1
12,9,7.984619140625,Mild,10,11,1
13,2,6.079433441162109,Minimal,10,11,1
14,20,18.18694496154785,Severe,10,11,1
15,26,18.30384635925293,Severe,10,11,1
16,17,17.520008087158203,Mod. Severe,10,11,1
17,4,2.1188440322875977,Minimal,10,11,1
18,11,13.571100234985352,Moderate,10,11,1
19,6,5.9574666023254395,Mild,10,11,1
20,15,14.685202598571777,Mod. Severe,10,11,1
21,0,1.9391506910324097,Minimal,10,11,1
22,26,22.243507385253906,Severe,10,11,1
23,2,2.8947925567626953,Minimal,10,11,1
24,22,25.318885803222656,Severe,10,11,1
25,11,16.56923484802246,Moderate,10,11,1
26,25,22.08738899230957,Severe,10,11,1
27,26,23.538166046142578,Severe,10,11,1
28,21,18.04947853088379,Severe,10,11,1
29,7,5.0066728591918945,Mild,10,11,1
30,13,13.032337188720703,Moderate,10,11,1
31,1,8.8583345413208,Minimal,10,11,1
32,25,23.496665954589844,Severe,10,11,1
33,14,13.491329193115234,Moderate,10,11,1
34,22,20.243183135986328,Severe,10,11,1
35,25,23.99268913269043,Severe,10,11,1
36,7,8.571124076843262,Mild,10,11,1
37,4,2.18988037109375,Minimal,10,11,1
38,17,19.44166374206543,Mod. Severe,10,11,1
39,10,5.262045860290527,Moderate,10,11,1
40,23,11.81208324432373,Severe,10,11,1
41,11,14.258819580078125,Moderate,10,11,1
42,14,10.419305801391602,Moderate,10,11,1
43,8,8.028306007385254,Mild,10,11,1
44,27,18.84913444519043,Severe,10,11,1
45,25,21.000680923461914,Severe,10,11,1
46,22,19.784408569335938,Severe,10,11,1
47,27,24.12809944152832,Severe,10,11,1
48,24,22.117517471313477,Severe,10,11,1
49,27,19.267431259155273,Severe,10,11,1
50,18,13.965741157531738,Mod. Severe,10,11,1
51,10,5.16285514831543,Moderate,10,11,1
52,16,14.466084480285645,Mod. Severe,10,11,1
53,14,13.713241577148438,Moderate,10,11,1
54,5,10.362385749816895,Mild,10,11,1
55,2,7.9648847579956055,Minimal,10,11,1
56,26,19.4694881439209,Severe,10,11,1
57,13,8.526717185974121,Moderate,10,11,1
58,22,22.577613830566406,Severe,10,11,1
59,27,26.954755783081055,Severe,10,11,1
0,14,11.205294609069824,Moderate,10,11,2
1,16,13.948524475097656,Mod. Severe,10,11,2
2,27,21.9876708984375,Severe,10,11,2
3,4,2.3057665824890137,Minimal,10,11,2
4,1,3.333012580871582,Minimal,10,11,2
5,12,6.177179336547852,Moderate,10,11,2
6,22,19.414447784423828,Severe,10,11,2
7,15,10.44767951965332,Mod. Severe,10,11,2
8,24,15.59425163269043,Severe,10,11,2
9,18,20.001718521118164,Mod. Severe,10,11,2
10,27,21.907920837402344,Severe,10,11,2
11,11,8.871755599975586,Moderate,10,11,2
12,9,9.706917762756348,Mild,10,11,2
13,2,9.064979553222656,Minimal,10,11,2
14,20,22.736328125,Severe,10,11,2
15,26,18.06378173828125,Severe,10,11,2
16,17,13.215721130371094,Mod. Severe,10,11,2
17,4,3.206267833709717,Minimal,10,11,2
18,11,12.966622352600098,Moderate,10,11,2
19,6,7.629779815673828,Mild,10,11,2
20,15,13.507406234741211,Mod. Severe,10,11,2
21,0,1.2887613773345947,Minimal,10,11,2
22,26,20.181917190551758,Severe,10,11,2
23,2,3.632296562194824,Minimal,10,11,2
24,22,21.42207908630371,Severe,10,11,2
25,11,16.302000045776367,Moderate,10,11,2
26,25,21.309297561645508,Severe,10,11,2
27,26,22.407360076904297,Severe,10,11,2
28,21,16.864042282104492,Severe,10,11,2
29,7,8.338879585266113,Mild,10,11,2
30,13,8.873799324035645,Moderate,10,11,2
31,1,5.168885707855225,Minimal,10,11,2
32,25,22.518766403198242,Severe,10,11,2
33,14,10.811250686645508,Moderate,10,11,2
34,22,23.310720443725586,Severe,10,11,2
35,25,18.35365104675293,Severe,10,11,2
36,7,7.835151672363281,Mild,10,11,2
37,4,1.516527533531189,Minimal,10,11,2
38,17,13.508331298828125,Mod. Severe,10,11,2
39,10,7.864861488342285,Moderate,10,11,2
40,23,14.79676628112793,Severe,10,11,2
41,11,13.320834159851074,Moderate,10,11,2
42,14,10.017963409423828,Moderate,10,11,2
43,8,5.7722272872924805,Mild,10,11,2
44,27,20.067346572875977,Severe,10,11,2
45,25,21.29964256286621,Severe,10,11,2
46,22,23.755849838256836,Severe,10,11,2
47,27,25.41105842590332,Severe,10,11,2
48,24,17.74557876586914,Severe,10,11,2
49,27,20.17713737487793,Severe,10,11,2
50,18,13.916410446166992,Mod. Severe,10,11,2
51,10,11.09535026550293,Moderate,10,11,2
52,16,13.431764602661133,Mod. Severe,10,11,2
53,14,17.63040542602539,Moderate,10,11,2
54,5,6.929955005645752,Mild,10,11,2
55,2,8.819670677185059,Minimal,10,11,2
56,26,23.06154441833496,Severe,10,11,2
57,13,8.562589645385742,Moderate,10,11,2
58,22,20.596500396728516,Severe,10,11,2
59,27,26.275985717773438,Severe,10,11,2
0,14,14.48355770111084,Moderate,10,11,3
1,16,9.612159729003906,Mod. Severe,10,11,3
2,27,22.49078369140625,Severe,10,11,3
3,4,3.9483695030212402,Minimal,10,11,3
4,1,3.641516923904419,Minimal,10,11,3
5,12,8.949939727783203,Moderate,10,11,3
6,22,24.1207332611084,Severe,10,11,3
7,15,11.419178009033203,Mod. Severe,10,11,3
8,24,19.0607967376709,Severe,10,11,3
9,18,20.59273338317871,Mod. Severe,10,11,3
10,27,25.720651626586914,Severe,10,11,3
11,11,12.68622875213623,Moderate,10,11,3
12,9,7.0625200271606445,Mild,10,11,3
13,2,7.102624416351318,Minimal,10,11,3
14,20,20.816917419433594,Severe,10,11,3
15,26,20.645578384399414,Severe,10,11,3
16,17,20.424903869628906,Mod. Severe,10,11,3
17,4,1.438535213470459,Minimal,10,11,3
18,11,11.224151611328125,Moderate,10,11,3
19,6,5.762052536010742,Mild,10,11,3
20,15,16.060928344726562,Mod. Severe,10,11,3
21,0,2.0854921340942383,Minimal,10,11,3
22,26,20.72589683532715,Severe,10,11,3
23,2,4.9065704345703125,Minimal,10,11,3
24,22,21.6593074798584,Severe,10,11,3
25,11,15.577993392944336,Moderate,10,11,3
26,25,20.948759078979492,Severe,10,11,3
27,26,21.86004066467285,Severe,10,11,3
28,21,22.14600372314453,Severe,10,11,3
29,7,9.528823852539062,Mild,10,11,3
30,13,9.046762466430664,Moderate,10,11,3
31,1,8.827936172485352,Minimal,10,11,3
32,25,23.783517837524414,Severe,10,11,3
33,14,12.177573204040527,Moderate,10,11,3
34,22,19.24720001220703,Severe,10,11,3
35,25,19.543325424194336,Severe,10,11,3
36,7,13.047344207763672,Mild,10,11,3
37,4,1.8850352764129639,Minimal,10,11,3
38,17,19.91132354736328,Mod. Severe,10,11,3
39,10,4.17220401763916,Moderate,10,11,3
40,23,11.881107330322266,Severe,10,11,3
41,11,14.302436828613281,Moderate,10,11,3
42,14,9.589957237243652,Moderate,10,11,3
43,8,9.940792083740234,Mild,10,11,3
44,27,19.459304809570312,Severe,10,11,3
45,25,19.395986557006836,Severe,10,11,3
46,22,20.56919288635254,Severe,10,11,3
47,27,27.76108169555664,Severe,10,11,3
48,24,17.676807403564453,Severe,10,11,3
49,27,19.836639404296875,Severe,10,11,3
50,18,12.601551055908203,Mod. Severe,10,11,3
51,10,11.923177719116211,Moderate,10,11,3
52,16,12.165971755981445,Mod. Severe,10,11,3
53,14,8.97265625,Moderate,10,11,3
54,5,9.818135261535645,Mild,10,11,3
55,2,7.1754679679870605,Minimal,10,11,3
56,26,19.069847106933594,Severe,10,11,3
57,13,11.64560317993164,Moderate,10,11,3
58,22,20.8917179107666,Severe,10,11,3
59,27,24.44002342224121,Severe,10,11,3
0,14,14.88619327545166,Moderate,10,23,1
1,16,16.819988250732422,Mod. Severe,10,23,1
2,27,21.464906692504883,Severe,10,23,1
3,4,2.3501858711242676,Minimal,10,23,1
4,1,4.4150261878967285,Minimal,10,23,1
5,12,11.045528411865234,Moderate,10,23,1
6,22,22.565401077270508,Severe,10,23,1
7,15,18.272703170776367,Mod. Severe,10,23,1
8,24,20.314146041870117,Severe,10,23,1
9,18,17.721220016479492,Mod. Severe,10,23,1
10,27,17.803007125854492,Severe,10,23,1
11,11,10.559982299804688,Moderate,10,23,1
12,9,8.39301872253418,Mild,10,23,1
13,2,3.634145736694336,Minimal,10,23,1
14,20,14.034692764282227,Severe,10,23,1
15,26,15.833370208740234,Severe,10,23,1
16,17,13.213335990905762,Mod. Severe,10,23,1
17,4,3.706514358520508,Minimal,10,23,1
18,11,15.727703094482422,Moderate,10,23,1
19,6,5.940694332122803,Mild,10,23,1
20,15,15.96446704864502,Mod. Severe,10,23,1
21,0,1.5648010969161987,Minimal,10,23,1
22,26,17.292211532592773,Severe,10,23,1
23,2,2.340437173843384,Minimal,10,23,1
24,22,19.235620498657227,Severe,10,23,1
25,11,7.522809028625488,Moderate,10,23,1
26,25,24.667739868164062,Severe,10,23,1
27,26,24.60072135925293,Severe,10,23,1
28,21,22.387340545654297,Severe,10,23,1
29,7,6.014609336853027,Mild,10,23,1
30,13,15.198694229125977,Moderate,10,23,1
31,1,11.824629783630371,Minimal,10,23,1
32,25,20.447301864624023,Severe,10,23,1
33,14,13.461698532104492,Moderate,10,23,1
34,22,19.734554290771484,Severe,10,23,1
35,25,21.853588104248047,Severe,10,23,1
36,7,9.075864791870117,Mild,10,23,1
37,4,1.791949987411499,Minimal,10,23,1
38,17,10.937259674072266,Mod. Severe,10,23,1
39,10,9.278517723083496,Moderate,10,23,1
40,23,15.285955429077148,Severe,10,23,1
41,11,13.254417419433594,Moderate,10,23,1
42,14,7.358318328857422,Moderate,10,23,1
43,8,6.536606788635254,Mild,10,23,1
44,27,21.221784591674805,Severe,10,23,1
45,25,13.904745101928711,Severe,10,23,1
46,22,17.75394630432129,Severe,10,23,1
47,27,22.407634735107422,Severe,10,23,1
48,24,22.91733169555664,Severe,10,23,1
49,27,22.225078582763672,Severe,10,23,1
50,18,13.59083366394043,Mod. Severe,10,23,1
51,10,11.725210189819336,Moderate,10,23,1
52,16,14.542613983154297,Mod. Severe,10,23,1
53,14,12.480775833129883,Moderate,10,23,1
54,5,7.1483235359191895,Mild,10,23,1
55,2,5.859472751617432,Minimal,10,23,1
56,26,24.510826110839844,Severe,10,23,1
57,13,14.911880493164062,Moderate,10,23,1
58,22,21.64842414855957,Severe,10,23,1
59,27,20.14213752746582,Severe,10,23,1
0,14,14.668720245361328,Moderate,10,23,2
1,16,16.624298095703125,Mod. Severe,10,23,2
2,27,24.28017234802246,Severe,10,23,2
3,4,4.215528964996338,Minimal,10,23,2
4,1,2.894559860229492,Minimal,10,23,2
5,12,8.131138801574707,Moderate,10,23,2
6,22,21.814918518066406,Severe,10,23,2
7,15,18.49983024597168,Mod. Severe,10,23,2
8,24,25.313318252563477,Severe,10,23,2
9,18,22.928993225097656,Mod. Severe,10,23,2
10,27,21.404705047607422,Severe,10,23,2
11,11,14.455522537231445,Moderate,10,23,2
12,9,5.172161102294922,Mild,10,23,2
13,2,3.0510709285736084,Minimal,10,23,2
14,20,16.52277946472168,Severe,10,23,2
15,26,19.860254287719727,Severe,10,23,2
16,17,16.988094329833984,Mod. Severe,10,23,2
17,4,5.022175312042236,Minimal,10,23,2
18,11,16.734174728393555,Moderate,10,23,2
19,6,7.736861228942871,Mild,10,23,2
20,15,20.573457717895508,Mod. Severe,10,23,2
21,0,1.4747190475463867,Minimal,10,23,2
22,26,19.080726623535156,Severe,10,23,2
23,2,3.704866886138916,Minimal,10,23,2
24,22,22.381546020507812,Severe,10,23,2
25,11,5.212874412536621,Moderate,10,23,2
26,25,18.12136459350586,Severe,10,23,2
27,26,20.627836227416992,Severe,10,23,2
28,21,19.500974655151367,Severe,10,23,2
29,7,11.050527572631836,Mild,10,23,2
30,13,8.207844734191895,Moderate,10,23,2
31,1,12.037601470947266,Minimal,10,23,2
32,25,18.846956253051758,Severe,10,23,2
33,14,15.273056030273438,Moderate,10,23,2
34,22,18.443761825561523,Severe,10,23,2
35,25,20.8245906829834,Severe,10,23,2
36,7,10.750844955444336,Mild,10,23,2
37,4,1.0807856321334839,Minimal,10,23,2
38,17,18.978466033935547,Mod. Severe,10,23,2
39,10,10.192508697509766,Moderate,10,23,2
40,23,15.486382484436035,Severe,10,23,2
41,11,13.182036399841309,Moderate,10,23,2
42,14,10.712041854858398,Moderate,10,23,2
43,8,6.95692777633667,Mild,10,23,2
44,27,22.558757781982422,Severe,10,23,2
45,25,21.988082885742188,Severe,10,23,2
46,22,21.393089294433594,Severe,10,23,2
47,27,22.941783905029297,Severe,10,23,2
48,24,23.051965713500977,Severe,10,23,2
49,27,24.39630699157715,Severe,10,23,2
50,18,15.12480640411377,Mod. Severe,10,23,2
51,10,10.501200675964355,Moderate,10,23,2
52,16,10.639778137207031,Mod. Severe,10,23,2
53,14,7.589883804321289,Moderate,10,23,2
54,5,3.1182007789611816,Mild,10,23,2
55,2,2.9390454292297363,Minimal,10,23,2
56,26,22.346418380737305,Severe,10,23,2
57,13,14.236021041870117,Moderate,10,23,2
58,22,21.992483139038086,Severe,10,23,2
59,27,23.158504486083984,Severe,10,23,2
0,14,12.986076354980469,Moderate,10,23,3
1,16,19.50486946105957,Mod. Severe,10,23,3
2,27,22.36625862121582,Severe,10,23,3
3,4,2.925217628479004,Minimal,10,23,3
4,1,3.654144287109375,Minimal,10,23,3
5,12,6.878166675567627,Moderate,10,23,3
6,22,20.253013610839844,Severe,10,23,3
7,15,17.355207443237305,Mod. Severe,10,23,3
8,24,21.521387100219727,Severe,10,23,3
9,18,18.755603790283203,Mod. Severe,10,23,3
10,27,20.990652084350586,Severe,10,23,3
11,11,7.612583160400391,Moderate,10,23,3
12,9,6.417840480804443,Mild,10,23,3
13,2,3.5966687202453613,Minimal,10,23,3
14,20,16.74138641357422,Severe,10,23,3
15,26,19.392454147338867,Severe,10,23,3
16,17,14.95185375213623,Mod. Severe,10,23,3
17,4,8.169130325317383,Minimal,10,23,3
18,11,12.019577026367188,Moderate,10,23,3
19,6,2.0002853870391846,Mild,10,23,3
20,15,13.887309074401855,Mod. Severe,10,23,3
21,0,2.1500988006591797,Minimal,10,23,3
22,26,18.068254470825195,Severe,10,23,3
23,2,2.3145594596862793,Minimal,10,23,3
24,22,20.553415298461914,Severe,10,23,3
25,11,10.855643272399902,Moderate,10,23,3
26,25,19.76527976989746,Severe,10,23,3
27,26,22.75542640686035,Severe,10,23,3
28,21,22.448625564575195,Severe,10,23,3
29,7,9.624011993408203,Mild,10,23,3
30,13,9.352814674377441,Moderate,10,23,3
31,1,3.059626340866089,Minimal,10,23,3
32,25,19.51219367980957,Severe,10,23,3
33,14,12.79623794555664,Moderate,10,23,3
34,22,21.08501625061035,Severe,10,23,3
35,25,25.198827743530273,Severe,10,23,3
36,7,9.723589897155762,Mild,10,23,3
37,4,2.162592887878418,Minimal,10,23,3
38,17,11.548530578613281,Mod. Severe,10,23,3
39,10,6.167582988739014,Moderate,10,23,3
40,23,19.098268508911133,Severe,10,23,3
41,11,16.947277069091797,Moderate,10,23,3
42,14,12.993616104125977,Moderate,10,23,3
43,8,8.589631080627441,Mild,10,23,3
44,27,23.50821876525879,Severe,10,23,3
45,25,18.83293342590332,Severe,10,23,3
46,22,23.249858856201172,Severe,10,23,3
47,27,25.15196418762207,Severe,10,23,3
48,24,21.296667098999023,Severe,10,23,3
49,27,19.85969352722168,Severe,10,23,3
50,18,12.136760711669922,Mod. Severe,10,23,3
51,10,7.4898481369018555,Moderate,10,23,3
52,16,10.009102821350098,Mod. Severe,10,23,3
53,14,6.825540542602539,Moderate,10,23,3
54,5,3.258568286895752,Mild,10,23,3
55,2,3.6251296997070312,Minimal,10,23,3
56,26,25.86000633239746,Severe,10,23,3
57,13,18.03742027282715,Moderate,10,23,3
58,22,20.79821014404297,Severe,10,23,3
59,27,21.70494270324707,Severe,10,23,3
0,14,19.741863250732422,Moderate,10,47,1
1,16,15.654706954956055,Mod. Severe,10,47,1
2,27,22.67881202697754,Severe,10,47,1
3,4,2.239837646484375,Minimal,10,47,1
4,1,2.732187271118164,Minimal,10,47,1
5,12,6.719398021697998,Moderate,10,47,1
6,22,16.964094161987305,Severe,10,47,1
7,15,18.14200210571289,Mod. Severe,10,47,1
8,24,15.008942604064941,Severe,10,47,1
9,18,21.046253204345703,Mod. Severe,10,47,1
10,27,19.44127082824707,Severe,10,47,1
11,11,11.814002990722656,Moderate,10,47,1
12,9,9.080777168273926,Mild,10,47,1
13,2,2.372063159942627,Minimal,10,47,1
14,20,14.268494606018066,Severe,10,47,1
15,26,18.652385711669922,Severe,10,47,1
16,17,14.478606224060059,Mod. Severe,10,47,1
17,4,2.851449489593506,Minimal,10,47,1
18,11,12.583259582519531,Moderate,10,47,1
19,6,2.1901090145111084,Mild,10,47,1
20,15,14.04092025756836,Mod. Severe,10,47,1
21,0,1.124998927116394,Minimal,10,47,1
22,26,22.310609817504883,Severe,10,47,1
23,2,2.15859317779541,Minimal,10,47,1
24,22,21.26737403869629,Severe,10,47,1
25,11,13.327935218811035,Moderate,10,47,1
26,25,19.61623191833496,Severe,10,47,1
27,26,20.70488929748535,Severe,10,47,1
28,21,16.735441207885742,Severe,10,47,1
29,7,3.3338024616241455,Mild,10,47,1
30,13,10.684151649475098,Moderate,10,47,1
31,1,12.886147499084473,Minimal,10,47,1
32,25,20.908870697021484,Severe,10,47,1
33,14,17.312746047973633,Moderate,10,47,1
34,22,18.771564483642578,Severe,10,47,1
35,25,22.838502883911133,Severe,10,47,1
36,7,12.759601593017578,Mild,10,47,1
37,4,2.5779600143432617,Minimal,10,47,1
38,17,17.96459197998047,Mod. Severe,10,47,1
39,10,6.428173542022705,Moderate,10,47,1
40,23,17.480457305908203,Severe,10,47,1
41,11,13.582377433776855,Moderate,10,47,1
42,14,8.18553638458252,Moderate,10,47,1
43,8,3.4561262130737305,Mild,10,47,1
44,27,27.312572479248047,Severe,10,47,1
45,25,16.67479705810547,Severe,10,47,1
46,22,19.506195068359375,Severe,10,47,1
47,27,21.805089950561523,Severe,10,47,1
48,24,17.55124282836914,Severe,10,47,1
49,27,21.628482818603516,Severe,10,47,1
50,18,20.266178131103516,Mod. Severe,10,47,1
51,10,13.478114128112793,Moderate,10,47,1
52,16,11.211673736572266,Mod. Severe,10,47,1
53,14,11.167207717895508,Moderate,10,47,1
54,5,2.947631359100342,Mild,10,47,1
55,2,1.6831787824630737,Minimal,10,47,1
56,26,19.8259334564209,Severe,10,47,1
57,13,15.182756423950195,Moderate,10,47,1
58,22,18.1512393951416,Severe,10,47,1
59,27,22.635475158691406,Severe,10,47,1
0,14,14.33941650390625,Moderate,10,47,2
1,16,17.873708724975586,Mod. Severe,10,47,2
2,27,22.671701431274414,Severe,10,47,2
3,4,4.528198719024658,Minimal,10,47,2
4,1,1.8108351230621338,Minimal,10,47,2
5,12,5.736397743225098,Moderate,10,47,2
6,22,18.72708511352539,Severe,10,47,2
7,15,18.413957595825195,Mod. Severe,10,47,2
8,24,16.106037139892578,Severe,10,47,2
9,18,20.778541564941406,Mod. Severe,10,47,2
10,27,21.703115463256836,Severe,10,47,2
11,11,13.492183685302734,Moderate,10,47,2
12,9,10.082643508911133,Mild,10,47,2
13,2,3.344700813293457,Minimal,10,47,2
14,20,10.66366195678711,Severe,10,47,2
15,26,18.98201560974121,Severe,10,47,2
16,17,16.05820655822754,Mod. Severe,10,47,2
17,4,3.3126578330993652,Minimal,10,47,2
18,11,12.838018417358398,Moderate,10,47,2
19,6,2.3639211654663086,Mild,10,47,2
20,15,12.981144905090332,Mod. Severe,10,47,2
21,0,1.2475473880767822,Minimal,10,47,2
22,26,15.953258514404297,Severe,10,47,2
23,2,4.9256391525268555,Minimal,10,47,2
24,22,18.19769859313965,Severe,10,47,2
25,11,15.474955558776855,Moderate,10,47,2
26,25,17.65005111694336,Severe,10,47,2
27,26,22.124542236328125,Severe,10,47,2
28,21,19.32053565979004,Severe,10,47,2
29,7,11.165471076965332,Mild,10,47,2
30,13,13.362324714660645,Moderate,10,47,2
31,1,11.115135192871094,Minimal,10,47,2
32,25,20.820892333984375,Severe,10,47,2
33,14,15.852542877197266,Moderate,10,47,2
34,22,18.376296997070312,Severe,10,47,2
35,25,18.813663482666016,Severe,10,47,2
36,7,5.664981365203857,Mild,10,47,2
37,4,2.093552589416504,Minimal,10,47,2
38,17,19.177228927612305,Mod. Severe,10,47,2
39,10,5.181606292724609,Moderate,10,47,2
40,23,11.898873329162598,Severe,10,47,2
41,11,9.462336540222168,Moderate,10,47,2
42,14,12.075040817260742,Moderate,10,47,2
43,8,5.884930610656738,Mild,10,47,2
44,27,26.612943649291992,Severe,10,47,2
45,25,17.12845802307129,Severe,10,47,2
46,22,21.509458541870117,Severe,10,47,2
47,27,27.357479095458984,Severe,10,47,2
48,24,17.944744110107422,Severe,10,47,2
49,27,20.257444381713867,Severe,10,47,2
50,18,22.06793212890625,Mod. Severe,10,47,2
51,10,12.744571685791016,Moderate,10,47,2
52,16,10.635590553283691,Mod. Severe,10,47,2
53,14,12.132647514343262,Moderate,10,47,2
54,5,3.1863789558410645,Mild,10,47,2
55,2,2.7934682369232178,Minimal,10,47,2
56,26,23.012737274169922,Severe,10,47,2
57,13,14.868403434753418,Moderate,10,47,2
58,22,18.061899185180664,Severe,10,47,2
59,27,21.50477409362793,Severe,10,47,2
0,14,13.787687301635742,Moderate,10,47,3
1,16,18.225831985473633,Mod. Severe,10,47,3
2,27,24.912471771240234,Severe,10,47,3
3,4,2.458807945251465,Minimal,10,47,3
4,1,2.228154182434082,Minimal,10,47,3
5,12,8.589494705200195,Moderate,10,47,3
6,22,20.694307327270508,Severe,10,47,3
7,15,19.565366744995117,Mod. Severe,10,47,3
8,24,16.48373031616211,Severe,10,47,3
9,18,17.479984283447266,Mod. Severe,10,47,3
10,27,19.158292770385742,Severe,10,47,3
11,11,10.09791374206543,Moderate,10,47,3
12,9,6.070517539978027,Mild,10,47,3
13,2,2.135512351989746,Minimal,10,47,3
14,20,16.33213996887207,Severe,10,47,3
15,26,20.563894271850586,Severe,10,47,3
16,17,15.494218826293945,Mod. Severe,10,47,3
17,4,3.0105159282684326,Minimal,10,47,3
18,11,14.665099143981934,Moderate,10,47,3
19,6,3.646803855895996,Mild,10,47,3
20,15,15.687772750854492,Mod. Severe,10,47,3
21,0,1.0436606407165527,Minimal,10,47,3
22,26,24.935304641723633,Severe,10,47,3
23,2,3.0569727420806885,Minimal,10,47,3
24,22,22.640960693359375,Severe,10,47,3
25,11,15.771514892578125,Moderate,10,47,3
26,25,24.374805450439453,Severe,10,47,3
27,26,21.07457160949707,Severe,10,47,3
28,21,19.780933380126953,Severe,10,47,3
29,7,5.974889755249023,Mild,10,47,3
30,13,10.401742935180664,Moderate,10,47,3
31,1,7.324185371398926,Minimal,10,47,3
32,25,17.11078453063965,Severe,10,47,3
33,14,13.252297401428223,Moderate,10,47,3
34,22,21.38386344909668,Severe,10,47,3
35,25,26.46415138244629,Severe,10,47,3
36,7,7.453636646270752,Mild,10,47,3
37,4,1.9697970151901245,Minimal,10,47,3
38,17,19.191905975341797,Mod. Severe,10,47,3
39,10,8.16414737701416,Moderate,10,47,3
40,23,12.90794849395752,Severe,10,47,3
41,11,10.469581604003906,Moderate,10,47,3
42,14,7.756199359893799,Moderate,10,47,3
43,8,5.5062255859375,Mild,10,47,3
44,27,25.351709365844727,Severe,10,47,3
45,25,22.198333740234375,Severe,10,47,3
46,22,18.15634536743164,Severe,10,47,3
47,27,26.91610336303711,Severe,10,47,3
48,24,14.99184799194336,Severe,10,47,3
49,27,22.72133445739746,Severe,10,47,3
50,18,16.952383041381836,Mod. Severe,10,47,3
51,10,5.965531349182129,Moderate,10,47,3
52,16,14.020729064941406,Mod. Severe,10,47,3
53,14,16.84699058532715,Moderate,10,47,3
54,5,2.6030523777008057,Mild,10,47,3
55,2,1.5047610998153687,Minimal,10,47,3
56,26,19.90334701538086,Severe,10,47,3
57,13,16.01819610595703,Moderate,10,47,3
58,22,17.516706466674805,Severe,10,47,3
59,27,19.13740348815918,Severe,10,47,3
0,14,13.235840797424316,Moderate,10,89,1
1,16,12.862129211425781,Mod. Severe,10,89,1
2,27,20.499441146850586,Severe,10,89,1
3,4,3.037478446960449,Minimal,10,89,1
4,1,6.165780067443848,Minimal,10,89,1
5,12,6.45902156829834,Moderate,10,89,1
6,22,20.119348526000977,Severe,10,89,1
7,15,10.929278373718262,Mod. Severe,10,89,1
8,24,22.28648567199707,Severe,10,89,1
9,18,22.821704864501953,Mod. Severe,10,89,1
10,27,21.950927734375,Severe,10,89,1
11,11,12.651263236999512,Moderate,10,89,1
12,9,10.255549430847168,Mild,10,89,1
13,2,12.865336418151855,Minimal,10,89,1
14,20,21.306621551513672,Severe,10,89,1
15,26,15.855249404907227,Severe,10,89,1
16,17,16.4163818359375,Mod. Severe,10,89,1
17,4,5.831248760223389,Minimal,10,89,1
18,11,14.61402702331543,Moderate,10,89,1
19,6,3.637692928314209,Mild,10,89,1
20,15,13.608956336975098,Mod. Severe,10,89,1
21,0,2.5430359840393066,Minimal,10,89,1
22,26,20.942543029785156,Severe,10,89,1
23,2,1.9006893634796143,Minimal,10,89,1
24,22,22.712926864624023,Severe,10,89,1
25,11,11.9500150680542,Moderate,10,89,1
26,25,19.78350830078125,Severe,10,89,1
27,26,22.210880279541016,Severe,10,89,1
28,21,23.761415481567383,Severe,10,89,1
29,7,11.23235034942627,Mild,10,89,1
30,13,9.588911056518555,Moderate,10,89,1
31,1,9.027276992797852,Minimal,10,89,1
32,25,24.32700538635254,Severe,10,89,1
33,14,12.93325424194336,Moderate,10,89,1
34,22,21.75988006591797,Severe,10,89,1
35,25,20.829153060913086,Severe,10,89,1
36,7,4.56385612487793,Mild,10,89,1
37,4,2.4239230155944824,Minimal,10,89,1
38,17,17.372018814086914,Mod. Severe,10,89,1
39,10,5.965153217315674,Moderate,10,89,1
40,23,16.681020736694336,Severe,10,89,1
41,11,14.76505184173584,Moderate,10,89,1
42,14,12.159342765808105,Moderate,10,89,1
43,8,4.967765808105469,Mild,10,89,1
44,27,25.557451248168945,Severe,10,89,1
45,25,15.59631061553955,Severe,10,89,1
46,22,18.32975196838379,Severe,10,89,1
47,27,27.0114803314209,Severe,10,89,1
48,24,18.60918617248535,Severe,10,89,1
49,27,26.4659366607666,Severe,10,89,1
50,18,11.488359451293945,Mod. Severe,10,89,1
51,10,11.844094276428223,Moderate,10,89,1
52,16,9.183952331542969,Mod. Severe,10,89,1
53,14,9.207538604736328,Moderate,10,89,1
54,5,5.042842864990234,Mild,10,89,1
55,2,6.214052200317383,Minimal,10,89,1
56,26,22.032812118530273,Severe,10,89,1
57,13,16.009275436401367,Moderate,10,89,1
58,22,23.119937896728516,Severe,10,89,1
59,27,25.169313430786133,Severe,10,89,1
0,14,11.621782302856445,Moderate,10,89,2
1,16,14.37309741973877,Mod. Severe,10,89,2
2,27,20.74273681640625,Severe,10,89,2
3,4,3.213094711303711,Minimal,10,89,2
4,1,3.489802360534668,Minimal,10,89,2
5,12,6.491703033447266,Moderate,10,89,2
6,22,16.52587890625,Severe,10,89,2
7,15,9.490737915039062,Mod. Severe,10,89,2
8,24,15.850713729858398,Severe,10,89,2
9,18,19.640275955200195,Mod. Severe,10,89,2
10,27,21.51264762878418,Severe,10,89,2
11,11,7.6872453689575195,Moderate,10,89,2
12,9,3.540127754211426,Mild,10,89,2
13,2,7.804224491119385,Minimal,10,89,2
14,20,18.842357635498047,Severe,10,89,2
15,26,17.013620376586914,Severe,10,89,2
16,17,19.5861873626709,Mod. Severe,10,89,2
17,4,7.851862907409668,Minimal,10,89,2
18,11,18.009531021118164,Moderate,10,89,2
19,6,3.819699287414551,Mild,10,89,2
20,15,19.07657241821289,Mod. Severe,10,89,2
21,0,2.012561798095703,Minimal,10,89,2
22,26,18.310266494750977,Severe,10,89,2
23,2,2.1972532272338867,Minimal,10,89,2
24,22,23.076923370361328,Severe,10,89,2
25,11,13.121004104614258,Moderate,10,89,2
26,25,20.707794189453125,Severe,10,89,2
27,26,26.291088104248047,Severe,10,89,2
28,21,22.567930221557617,Severe,10,89,2
29,7,8.46971607208252,Mild,10,89,2
30,13,14.673094749450684,Moderate,10,89,2
31,1,7.095683574676514,Minimal,10,89,2
32,25,21.334623336791992,Severe,10,89,2
33,14,14.981912612915039,Moderate,10,89,2
34,22,24.531370162963867,Severe,10,89,2
35,25,21.288169860839844,Severe,10,89,2
36,7,4.711968421936035,Mild,10,89,2
37,4,2.1589579582214355,Minimal,10,89,2
38,17,15.234533309936523,Mod. Severe,10,89,2
39,10,6.928863048553467,Moderate,10,89,2
40,23,16.110788345336914,Severe,10,89,2
41,11,11.595358848571777,Moderate,10,89,2
42,14,12.844706535339355,Moderate,10,89,2
43,8,8.991147994995117,Mild,10,89,2
44,27,22.807828903198242,Severe,10,89,2
45,25,21.530431747436523,Severe,10,89,2
46,22,22.162412643432617,Severe,10,89,2
47,27,32.291770935058594,Severe,10,89,2
48,24,20.974576950073242,Severe,10,89,2
49,27,24.315998077392578,Severe,10,89,2
50,18,16.199602127075195,Mod. Severe,10,89,2
51,10,7.004514694213867,Moderate,10,89,2
52,16,13.355966567993164,Mod. Severe,10,89,2
53,14,9.060029029846191,Moderate,10,89,2
54,5,3.7095870971679688,Mild,10,89,2
55,2,4.9549994468688965,Minimal,10,89,2
56,26,23.258892059326172,Severe,10,89,2
57,13,8.825640678405762,Moderate,10,89,2
58,22,19.40064811706543,Severe,10,89,2
59,27,21.58604621887207,Severe,10,89,2
0,14,9.103324890136719,Moderate,10,89,3
1,16,11.964065551757812,Mod. Severe,10,89,3
2,27,19.142778396606445,Severe,10,89,3
3,4,1.7476599216461182,Minimal,10,89,3
4,1,2.153996467590332,Minimal,10,89,3
5,12,10.052140235900879,Moderate,10,89,3
6,22,22.646860122680664,Severe,10,89,3
7,15,14.496469497680664,Mod. Severe,10,89,3
8,24,20.536100387573242,Severe,10,89,3
9,18,24.668649673461914,Mod. Severe,10,89,3
10,27,23.1951847076416,Severe,10,89,3
11,11,8.60776424407959,Moderate,10,89,3
12,9,5.006746292114258,Mild,10,89,3
13,2,6.948209762573242,Minimal,10,89,3
14,20,19.930870056152344,Severe,10,89,3
15,26,17.245800018310547,Severe,10,89,3
16,17,15.173269271850586,Mod. Severe,10,89,3
17,4,3.1066720485687256,Minimal,10,89,3
18,11,12.8884859085083,Moderate,10,89,3
19,6,2.9547183513641357,Mild,10,89,3
20,15,10.048871994018555,Mod. Severe,10,89,3
21,0,2.382392406463623,Minimal,10,89,3
22,26,22.781465530395508,Severe,10,89,3
23,2,1.6085857152938843,Minimal,10,89,3
24,22,21.861804962158203,Severe,10,89,3
25,11,9.844292640686035,Moderate,10,89,3
26,25,16.46495246887207,Severe,10,89,3
27,26,21.0457706451416,Severe,10,89,3
28,21,18.89645767211914,Severe,10,89,3
29,7,11.728775024414062,Mild,10,89,3
30,13,14.730895042419434,Moderate,10,89,3
31,1,13.19421100616455,Minimal,10,89,3
32,25,17.816709518432617,Severe,10,89,3
33,14,11.007766723632812,Moderate,10,89,3
34,22,22.27242088317871,Severe,10,89,3
35,25,25.004858016967773,Severe,10,89,3
36,7,6.641677379608154,Mild,10,89,3
37,4,2.3213419914245605,Minimal,10,89,3
38,17,16.580081939697266,Mod. Severe,10,89,3
39,10,6.348445415496826,Moderate,10,89,3
40,23,19.0136775970459,Severe,10,89,3
41,11,14.436960220336914,Moderate,10,89,3
42,14,12.329030990600586,Moderate,10,89,3
43,8,3.9298768043518066,Mild,10,89,3
44,27,21.5506591796875,Severe,10,89,3
45,25,21.281274795532227,Severe,10,89,3
46,22,19.632265090942383,Severe,10,89,3
47,27,27.780492782592773,Severe,10,89,3
48,24,21.23441505432129,Severe,10,89,3
49,27,23.4450626373291,Severe,10,89,3
50,18,18.104013442993164,Mod. Severe,10,89,3
51,10,7.845324993133545,Moderate,10,89,3
52,16,14.926081657409668,Mod. Severe,10,89,3
53,14,10.39660930633545,Moderate,10,89,3
54,5,5.066871643066406,Mild,10,89,3
55,2,3.8007307052612305,Minimal,10,89,3
56,26,27.90757942199707,Severe,10,89,3
57,13,13.31750202178955,Moderate,10,89,3
58,22,20.714017868041992,Severe,10,89,3
59,27,22.294931411743164,Severe,10,89,3
